NameMix,FullName,Gender,Birth Year,Start Year,End Year,Race,Degree,Major,PreFed_clean,SaltFresh
Carl E. Allen,Carl E. Allen,1.0,,1956.0,1961.0,W,Bachelor's,,Banking/Finance/Fed,
Wayne D. Angell,Wayne D. Angell,1.0,1930.0,1986.0,1994.0,W,PhD,Economics,Government/Public Service,3.0
C. Canby Balderston,C. Canby Balderston,1.0,1897.0,1954.0,1966.0,W,PhD,Law,Academic Economist,
John J. Balles,John J. Balles,1.0,1921.0,1972.0,1986.0,W,Master's,Economics,Professional Economist,
Thomas I. Barkin,Thomas I. Barkin,1.0,1961.0,2018.0,9999.0,W,JD,Law,Business/Industry,
Michael S. Barr,Michael S. Barr,1.0,1965.0,2022.0,9999.0,W,JD,Law,,
Barr,,1.0,,-9999.0,9999.0,,None/unknown,,,
Ernest T. Baughman,Ernest T. Baughman,1.0,1915.0,1974.0,1980.0,W,Master's,Economics,Professional Economist,
Ben S. Bernanke,Ben S. Bernanke,1.0,1953.0,2002.0,2014.0,W,PhD,Economics,Academic Economist,3.0
Susan S. Bies,Susan S. Bies,0.0,1947.0,2001.0,2007.0,W,PhD,Economics,Professional Economist,1.0
Robert P. Black,Robert P. Black,1.0,1927.0,1973.0,1992.0,W,PhD,Economics,Academic Economist,2.0
Alan S. Blinder,Alan S. Blinder,1.0,1945.0,1994.0,1996.0,W,PhD,Economics,Academic Economist,3.0
Boehne,,1.0,1926.0,-9999.0,9999.0,,PhD,Economics,Banking/Finance/Fed,3.0
Edward G. Boehne,Edward G. Boehne,1.0,1941.0,1981.0,2000.0,W,PhD,Economics,Professional Economist,3.0
Karl R. Bopp,Karl R. Bopp,1.0,1906.0,1958.0,1970.0,W,PhD,Economics,Academic Economist,3.0
Raphael Bostic,Raphael Bostic,1.0,1966.0,2017.0,2026.0,NW,PhD,Economics,Academic Economist,1.0
Michelle W. Bowman,Michelle W. Bowman,0.0,1971.0,2018.0,9999.0,W,JD,Law,Banking/Finance/Fed,
Robert H. Boykin,Robert H. Boykin,1.0,1926.0,1981.0,1991.0,W,JD,Law,Military,
Lael Brainard,Lael Brainard,0.0,1962.0,2014.0,2023.0,W,PhD,Economics,Professional Economist,1.0
Andrew F. Brimmer,Andrew F. Brimmer,1.0,1926.0,1966.0,1974.0,NW,PhD,Economics,Academic Economist,1.0
Broaddus,,1.0,1939.0,-9999.0,9999.0,,PhD,,Banking/Finance/Fed,
Joseph A. Broderick,Joseph A. Broderick,1.0,1881.0,1936.0,1937.0,W,None/unknown,,Banking/Finance/Fed,
Malcolm H. Bryan,Malcolm H. Bryan,1.0,1902.0,1951.0,1965.0,W,Master's,Economics,Other,
Jeffrey M. Bucher,Jeffrey M. Bucher,1.0,1933.0,1972.0,1976.0,W,JD,Law,Banking/Finance/Fed,
James Bullard,James Bullard,1.0,1961.0,2008.0,2023.0,W,PhD,Economics,Professional Economist,3.0
Arthur F. Burns,Arthur F. Burns,1.0,1904.0,1970.0,1978.0,W,PhD,Economics,Academic Economist,1.0
Richard H. Clarida,Richard H. Clarida,1.0,1957.0,2018.0,9999.0,W,PhD,Economics,Academic Economist,1.0
George H. Clay,George H. Clay,1.0,1911.0,1961.0,1976.0,W,JD,Law,Law/Legal,
Lawrence Clayton,Lawrence Clayton,1.0,1891.0,1947.0,1949.0,W,Bachelor's,Law,Banking/Finance/Fed,
Philip E. Coldwell,Philip E. Coldwell,1.0,1922.0,1968.0,1974.0,W,PhD,Economics,Academic Economist,1.0
Philip E. Coldwell,Philip E. Coldwell,1.0,1922.0,1974.0,1980.0,W,PhD,Economics,Academic Economist,1.0
Susan M. Collins,Susan M. Collins,0.0,1959.0,2022.0,9999.0,NW,PhD,Economics,,1.0
Collins,,0.0,,-9999.0,9999.0,,PhD,,,
Lisa D. Cook,Lisa D. Cook,0.0,1964.0,2022.0,9999.0,NW,PhD,Economics,,1.0
Cook,,0.0,,-9999.0,9999.0,,PhD,,,
E. Gerald Corrigan,E. Gerald Corrigan,1.0,1941.0,1980.0,1984.0,W,PhD,Economics,Professional Economist,3.0
E. Gerald Corrigan,E. Gerald Corrigan,1.0,1941.0,1985.0,1993.0,W,PhD,Economics,Professional Economist,3.0
Cumming,,0.0,1953.0,-9999.0,9999.0,,PhD,Economics,Banking/Finance/Fed,3.0
J. Dewey Daane,J. Dewey Daane,1.0,1918.0,1963.0,1974.0,W,PhD,Political Science/Public Policy,Professional Economist,
Mary C. Daly,Mary C. Daly,0.0,1962.0,2018.0,9999.0,W,PhD,Economics,Professional Economist,3.0
Chester C. Davis,Chester C. Davis,1.0,1887.0,1941.0,1951.0,W,Bachelor's,,Business/Industry,
William A. Day,William A. Day,1.0,1876.0,1936.0,1945.0,W,None/unknown,,Banking/Finance/Fed,
Frederick L. Deming,Frederick L. Deming,1.0,1912.0,1957.0,1965.0,W,PhD,Economics,Professional Economist,3.0
Ernest G. Draper,Ernest G. Draper,1.0,1885.0,1938.0,1950.0,W,Bachelor's,,Government/Public Service,
William C. Dudley,William C. Dudley,1.0,1953.0,2009.0,2018.0,W,PhD,Economics,Banking/Finance/Fed,1.0
Elizabeth A. Duke,Elizabeth A. Duke,0.0,1952.0,2008.0,2013.0,W,Master's,Business,Banking/Finance/Fed,
C. E. Earhart,C. E. Earhart,1.0,1890.0,1946.0,1956.0,W,None/unknown,,Banking/Finance/Fed,
David P. Eastburn,David P. Eastburn,1.0,1921.0,1970.0,1981.0,W,PhD,Economics,Professional Economist,1.0
Marriner S. Eccles,Marriner S. Eccles,1.0,1890.0,1934.0,1951.0,W,None/unknown,,Banking/Finance/Fed,
George H. Ellis,George H. Ellis,1.0,1920.0,1961.0,1968.0,W,PhD,Economics,Academic Economist,1.0
Joseph A. Erickson,Joseph A. Erickson,1.0,1896.0,1948.0,1961.0,W,Master's,Business,Banking/Finance/Fed,
Rudolph M. Evans,Rudolph M. Evans,1.0,1890.0,1942.0,1954.0,W,Bachelor's,Engineering/STEM,Other,
Charles L. Evans,Charles L. Evans,1.0,1958.0,2007.0,2023.0,W,PhD,Economics,Professional Economist,2.0
Ferguson,,1.0,1951.0,-9999.0,9999.0,,PhD,Economics,Business/Industry,1.0
Stanley Fischer,Stanley Fischer,1.0,1943.0,2014.0,2017.0,W,PhD,Economics,Banking/Finance/Fed,1.0
Richard W. Fisher,Richard W. Fisher,1.0,1949.0,2005.0,2015.0,W,Master's,Business,Business/Industry,
Ralph E. Flanders,Ralph E. Flanders,1.0,1880.0,1944.0,1946.0,W,None/unknown,,Business/Industry,
Matthew J. Fleming,Matthew J. Fleming,1.0,1879.0,1935.0,1944.0,W,None/unknown,,Banking/Finance/Fed,
Ford,,1.0,1939.0,-9999.0,9999.0,,PhD,Economics,Academic Economist,1.0
William F. Ford,William F. Ford,1.0,,1980.0,1983.0,W,PhD,Economics,Professional Economist,1.0
Robert P. Forrestal,Robert P. Forrestal,1.0,1931.0,1983.0,1996.0,W,JD,Law,Law/Legal,
Darryl R. Francis,Darryl R. Francis,1.0,1912.0,1966.0,1976.0,W,Bachelor's,Agriculture/Other,Banking/Finance/Fed,
Wilbur D. Fulton,Wilbur D. Fulton,1.0,1898.0,1953.0,1963.0,W,None/unknown,,Banking/Finance/Fed,
Stephen S. Gardner,Stephen S. Gardner,1.0,1921.0,1976.0,1978.0,W,Master's,Business,Banking/Finance/Fed,
William B. Geery,William B. Geery,1.0,1867.0,1927.0,1936.0,W,None/unknown,,Banking/Finance/Fed,
Timothy F. Geithner,Timothy F. Geithner,1.0,1961.0,2003.0,2009.0,W,Master's,Economics,Other,
Esther L. George,Esther L. George,0.0,1958.0,2011.0,9999.0,W,Master's,Business,Banking/Finance/Fed,
Ray M. Gidney,Ray M. Gidney,1.0,1887.0,1944.0,1953.0,W,Bachelor's,,Banking/Finance/Fed,
Robert R. Gilbert,Robert R. Gilbert,1.0,1888.0,1939.0,1953.0,W,None/unknown,,Banking/Finance/Fed,
Austan D. Goolsbee,Austan D. Goolsbee,1.0,1969.0,2023.0,9999.0,W,PhD,Economics,,1.0
Goolsbee,,1.0,,-9999.0,9999.0,,PhD,,,
Lyle E. Gramley,Lyle E. Gramley,1.0,1927.0,1980.0,1985.0,W,PhD,Economics,Professional Economist,3.0
Edward M. Gramlich,Edward M. Gramlich,1.0,1939.0,1997.0,2005.0,W,PhD,Economics,Academic Economist,1.0
Alan Greenspan,Alan Greenspan,1.0,1926.0,1987.0,2006.0,W,PhD,Economics,Other,3.0
J. Roger Guffey,J. Roger Guffey,1.0,1929.0,1976.0,1991.0,W,JD,Law,Law/Legal,
Guynn,,1.0,1942.0,-9999.0,9999.0,,None/unknown,Business,Banking/Finance/Fed,
Jack Guynn,Jack Guynn,1.0,1943.0,1996.0,2006.0,W,Master's,Other,Banking/Finance/Fed,
George H. Hamilton,George H. Hamilton,1.0,1875.0,1932.0,1941.0,W,None/unknown,,Banking/Finance/Fed,
Hammack,,0.0,,-9999.0,9999.0,,None/unknown,,,
Patrick T. Harker,Patrick T. Harker,1.0,1958.0,2015.0,2025.0,W,PhD,Engineering/STEM,Academic Economist,
George L. Harrison,George L. Harrison,1.0,1887.0,1928.0,1940.0,W,None/unknown,,Law/Legal,
Alfred Hayes,Alfred Hayes,1.0,1910.0,1956.0,1975.0,W,Master's,Economics,Banking/Finance/Fed,
Aubrey N. Heflin,Aubrey N. Heflin,1.0,1912.0,1968.0,1973.0,W,JD,Law,Law/Legal,
Heller,,1.0,1936.0,-9999.0,9999.0,,PhD,Economics,Academic Economist,1.0
H. Robert Heller,H. Robert Heller,1.0,1940.0,1986.0,1989.0,W,PhD,Economics,Professional Economist,1.0
Hendricks,,1.0,,-9999.0,9999.0,,,,,
W. Braddock Hickman,W. Braddock Hickman,1.0,1911.0,1963.0,1970.0,W,PhD,Economics,Professional Economist,2.0
Thomas M. Hoenig,Thomas M. Hoenig,1.0,1946.0,1991.0,2011.0,W,PhD,Economics,Banking/Finance/Fed,2.0
Robert C. Holland,Robert C. Holland,1.0,1925.0,1973.0,1976.0,W,PhD,Economics,Professional Economist,1.0
Karen N. Horn,Karen N. Horn,0.0,1944.0,1982.0,1987.0,W,PhD,Economics,Professional Economist,2.0
W. Lee Hoskins,W. Lee Hoskins,1.0,1941.0,1987.0,1991.0,W,PhD,Economics,Professional Economist,2.0
Watrous H. Irons,Watrous H. Irons,1.0,1903.0,1954.0,1968.0,W,PhD,Engineering/STEM,Academic Economist,
Jackson,,1.0,1928.0,-9999.0,9999.0,,None/unknown,,Banking/Finance/Fed,
Philip N. Jefferson,Philip N. Jefferson,1.0,,2022.0,9999.0,NW,PhD,Economics,,2.0
Delos C. Johns,Delos C. Johns,1.0,1899.0,1951.0,1962.0,W,JD,Law,Law/Legal,
Manuel H. Johnson,Manuel H. Johnson,1.0,1949.0,1986.0,1990.0,W,PhD,Economics,Academic Economist,3.0
Jerry L Jordan,Jerry L Jordan,1.0,1941.0,1992.0,2003.0,W,PhD,Economics,Banking/Finance/Fed,2.0
William S. Mclarin Jr.,William S. Mclarin Jr.,1.0,1889.0,1941.0,1951.0,W,None/unknown,,Other,
"James K. Vardaman, Jr.","James K. Vardaman, Jr.",1.0,1894.0,1946.0,1958.0,W,None/unknown,Law,Military,
"ALl. Mills, Jr.","ALl. Mills, Jr.",1.0,1898.0,1952.0,1965.0,W,Bachelor's,,Banking/Finance/Fed,
William McChesney Martin Jr.,William McChesney Martin Jr.,1.0,1906.0,1951.0,1970.0,W,Bachelor's,,Government/Public Service,
Hugh D. Galusha Jr.,Hugh D. Galusha Jr.,1.0,1919.0,1965.0,1971.0,W,Bachelor's,,Law/Legal,
"G. H. King, Jr.","G. H. King, Jr.",1.0,1920.0,1959.0,1963.0,W,Bachelor's,,Business/Industry,
Edward W. Kelley Jr.,Edward W. Kelley Jr.,1.0,1932.0,1987.0,2001.0,W,Master's,Business,Business/Industry,
J. Alfred Broaddus Jr.,J. Alfred Broaddus Jr.,1.0,1939.0,1993.0,2004.0,W,PhD,Economics,Professional Economist,3.0
Robert D. Mcteer Jr.,Robert D. Mcteer Jr.,1.0,1943.0,1991.0,2004.0,W,PhD,Economics,Professional Economist,3.0
"David W. Mullins, Jr.","David W. Mullins, Jr.",1.0,1946.0,1990.0,1994.0,W,PhD,Economics,Professional Economist,1.0
Roger W. Ferguson Jr.,Roger W. Ferguson Jr.,1.0,1951.0,1997.0,2006.0,NW,PhD,Economics,Law/Legal,1.0
"Philip C. Jackson, Jr.","Philip C. Jackson, Jr.",1.0,,1975.0,1978.0,W,Bachelor's,,Banking/Finance/Fed,
Robert Steven Kaplan,Robert Steven Kaplan,1.0,1957.0,2015.0,2021.0,W,Master's,Business,Banking/Finance/Fed,
Neel Kashkari,Neel Kashkari,1.0,1973.0,2016.0,9999.0,NW,Master's,Engineering/STEM,Banking/Finance/Fed,
Silas Keehn,Silas Keehn,1.0,1930.0,1981.0,1994.0,W,Master's,Business,Banking/Finance/Fed,
Kelley,,1.0,1932.0,-9999.0,9999.0,,None/unknown,Business,Business/Industry,
Monroe Kimbrel,Monroe Kimbrel,1.0,1916.0,1968.0,1980.0,W,Bachelor's,Business,Banking/Finance/Fed,
Narayana Kocherlakota,Narayana Kocherlakota,1.0,1963.0,2009.0,2015.0,NW,PhD,Economics,Professional Economist,2.0
Donald L. Kohn,Donald L. Kohn,1.0,1942.0,2002.0,2010.0,W,PhD,Economics,Professional Economist,1.0
Randall S. Kroszner,Randall S. Kroszner,1.0,1962.0,2006.0,2009.0,W,PhD,Economics,Academic Economist,1.0
Kugler,,0.0,,-9999.0,9999.0,,PhD,,,
LaWare,,1.0,1928.0,-9999.0,9999.0,,None/unknown,Political Science/Public Policy,Banking/Finance/Fed,
Jeffrey M. Lacker,Jeffrey M. Lacker,1.0,1955.0,2004.0,2017.0,W,PhD,Economics,Professional Economist,1.0
John P. Laware,John P. Laware,1.0,1928.0,1988.0,1995.0,W,Master's,Political Science/Public Policy,Banking/Finance/Fed,
Hugh Leach,Hugh Leach,1.0,1894.0,1936.0,1961.0,W,Bachelor's,,Other,
H. Gavin Leedy,H. Gavin Leedy,1.0,1892.0,1941.0,1961.0,W,None/unknown,Law,Law/Legal,
David M. Lilly,David M. Lilly,1.0,1917.0,1976.0,1978.0,W,Bachelor's,Economics,Business/Industry,
Lawrence B. Lindsey,Lawrence B. Lindsey,1.0,1954.0,1991.0,1997.0,W,PhD,Economics,Academic Economist,1.0
Dennis P. Lockhart,Dennis P. Lockhart,1.0,1947.0,2007.0,2017.0,W,Master's,Other,Banking/Finance/Fed,
Lorie Logan,Lorie Logan,0.0,1972.0,2022.0,9999.0,W,Master's,Political Science/Public Policy,,
Logan,,0.0,,-9999.0,9999.0,,None/unknown,,,
MacLaury,,1.0,1931.0,-9999.0,9999.0,,PhD,Economics,Banking/Finance/Fed,1.0
Bruce K. Maclaury,Bruce K. Maclaury,1.0,1931.0,1971.0,1977.0,W,Master's,Economics,Professional Economist,
Sherman J. Maisel,Sherman J. Maisel,1.0,1918.0,1965.0,1972.0,W,PhD,Economics,Academic Economist,1.0
Hermann N. Mangels,Hermann N. Mangels,1.0,1897.0,1956.0,1961.0,W,None/unknown,,Banking/Finance/Fed,
Preston Martin,Preston Martin,1.0,1923.0,1982.0,1986.0,W,PhD,Economics,Academic Economist,3.0
Robert P. Mayo,Robert P. Mayo,1.0,1916.0,1970.0,1981.0,W,Master's,Business,Banking/Finance/Fed,
Thomas B. McCabe,Thomas B. McCabe,1.0,1893.0,1948.0,1951.0,W,Bachelor's,,Business/Industry,
McDonough,,1.0,1934.0,-9999.0,9999.0,,None/unknown,Economics,Banking/Finance/Fed,
McTeer,,1.0,1943.0,-9999.0,9999.0,,PhD,Economics,Banking/Finance/Fed,3.0
William J. Mcdonough,William J. Mcdonough,1.0,1934.0,1993.0,2003.0,W,Master's,Economics,Banking/Finance/Fed,
John K. Mckee,John K. Mckee,1.0,1891.0,1936.0,1946.0,W,None/unknown,,Banking/Finance/Fed,
Buckner A. Mckinney,Buckner A. Mckinney,1.0,1872.0,1931.0,1939.0,W,None/unknown,,Banking/Finance/Fed,
Melzer,,1.0,1944.0,-9999.0,9999.0,,None/unknown,Business,Banking/Finance/Fed,
Thomas C. Melzer,Thomas C. Melzer,1.0,,1985.0,1998.0,W,Master's,Engineering/STEM,Banking/Finance/Fed,
Loretta Mester,Loretta Mester,0.0,1958.0,2014.0,2024.0,W,PhD,Economics,Professional Economist,1.0
Laurence H. Meyer,Laurence H. Meyer,1.0,1944.0,1996.0,2002.0,W,PhD,Economics,Professional Economist,1.0
Paul E. Miller,Paul E. Miller,1.0,1888.0,1954.0,1954.0,W,Master's,,Academic Economist,
G. William Miller,G. William Miller,1.0,1925.0,1978.0,1979.0,W,JD,Law,Law/Legal,
Cathy E. Minehan,Cathy E. Minehan,0.0,1947.0,1994.0,2007.0,W,Master's,Business,Banking/Finance/Fed,
Frederic S. Mishkin,Frederic S. Mishkin,1.0,1951.0,2006.0,2008.0,W,PhD,Economics,Academic Economist,1.0
George W. Mitchell,George W. Mitchell,1.0,1904.0,1961.0,1976.0,W,PhD,,Professional Economist,
Frank E. Morris,Frank E. Morris,1.0,1923.0,1968.0,1988.0,W,PhD,Economics,Business/Industry,1.0
Ralph W. Morrison,Ralph W. Morrison,1.0,1878.0,1936.0,1936.0,W,None/unknown,,Business/Industry,
Michael H. Moskow,Michael H. Moskow,1.0,1938.0,1994.0,2007.0,W,Master's,Economics,Academic Economist,
Mullins,,1.0,1946.0,-9999.0,9999.0,,PhD,Finance,Academic Economist,
Musalem,,1.0,,-9999.0,9999.0,,PhD,,,
Oscar Newton,Oscar Newton,1.0,1877.0,1935.0,1939.0,W,None/unknown,,Banking/Finance/Fed,
Edward L. Norton,Edward L. Norton,1.0,1892.0,1950.0,1952.0,W,PhD,Law,Business/Industry,
Mark W. Olson,Mark W. Olson,1.0,1943.0,2001.0,2006.0,W,Bachelor's,Economics,Banking/Finance/Fed,
William W. Paddock,William W. Paddock,1.0,1879.0,1942.0,1944.0,W,Bachelor's,Law,Military,
Robert S. Parker,Robert S. Parker,1.0,1884.0,1939.0,1941.0,W,None/unknown,Law,Law/Legal,
Robert T. Parry,Robert T. Parry,1.0,1939.0,1986.0,2004.0,W,PhD,Economics,Professional Economist,1.0
J. Charles Partee,J. Charles Partee,1.0,1927.0,1976.0,1986.0,W,Master's,Business,Banking/Finance/Fed,
Harold T. Patterson,Harold T. Patterson,1.0,1903.0,1965.0,1968.0,W,Master's,Law,Law/Legal,
John N. Peyton,John N. Peyton,1.0,1885.0,1936.0,1952.0,W,None/unknown,Law,Banking/Finance/Fed,
Susan M. Phillips,Susan M. Phillips,0.0,1944.0,1991.0,1998.0,W,PhD,Economics,Professional Economist,3.0
Sandra Pianalto,Sandra Pianalto,0.0,1954.0,2003.0,2014.0,W,Master's,Economics,Professional Economist,
Charles I. Plosser,Charles I. Plosser,1.0,1948.0,2006.0,2015.0,W,PhD,Engineering/STEM,Academic Economist,
William Poole,William Poole,1.0,1937.0,1998.0,2008.0,W,PhD,Economics,Academic Economist,2.0
Oliver S. Powell,Oliver S. Powell,1.0,1896.0,1950.0,1952.0,W,Bachelor's,Economics,Professional Economist,
Oliver S. Powell,Oliver S. Powell,1.0,1896.0,1952.0,1957.0,W,Bachelor's,Economics,Professional Economist,
Jerome H. Powell,Jerome H. Powell,1.0,1953.0,2012.0,9999.0,W,JD,Law,Law/Legal,
Randal K. Quarles,Randal K. Quarles,1.0,1957.0,2017.0,9999.0,W,JD,Law,Law/Legal,
Ronald Ransom,Ronald Ransom,1.0,1882.0,1936.0,1947.0,W,None/unknown,Law,Banking/Finance/Fed,
Sarah B. Raskin,Sarah B. Raskin,0.0,1961.0,2010.0,2014.0,W,JD,Law,Government/Public Service,
Emmett J. Rice,Emmett J. Rice,1.0,1919.0,1979.0,1986.0,NW,Master's,Business,Academic Economist,
Alice M. Rivlin,Alice M. Rivlin,0.0,1931.0,1996.0,1999.0,W,PhD,Economics,Professional Economist,3.0
Theodore H. Roberts,Theodore H. Roberts,1.0,1927.0,1983.0,1984.0,W,Bachelor's,,Banking/Finance/Fed,
Roberts,,1.0,,-9999.0,9999.0,,None/unknown,,Banking/Finance/Fed,
James L. Robertson,James L. Robertson,1.0,1907.0,1952.0,1973.0,W,Master's,Law,Law/Legal,
Lawrence K. Roos,Lawrence K. Roos,1.0,1918.0,1976.0,1983.0,W,Bachelor's,,Banking/Finance/Fed,
Roos,,1.0,1919.0,-9999.0,9999.0,,None/unknown,,Banking/Finance/Fed,
Eric S. Rosengren,Eric S. Rosengren,1.0,1957.0,2007.0,2021.0,W,PhD,Economics,Professional Economist,1.0
Anthony M. Santomero,Anthony M. Santomero,1.0,1946.0,2000.0,2006.0,W,PhD,Economics,Academic Economist,2.0
Charles J. Scanlon,Charles J. Scanlon,1.0,1922.0,1962.0,1970.0,W,None/unknown,,Banking/Finance/Fed,
George J. Schaller,George J. Schaller,1.0,1874.0,1934.0,1941.0,W,None/unknown,,Banking/Finance/Fed,
Schmid,,1.0,,-9999.0,9999.0,,None/unknown,,,
Frederick H. Schultz,Frederick H. Schultz,1.0,1929.0,1979.0,1982.0,W,JD,Law,Business/Industry,
Martha R. Seger,Martha R. Seger,0.0,1932.0,1984.0,1991.0,W,PhD,Finance,Academic Economist,
John E. Sheehan,John E. Sheehan,1.0,1923.0,1972.0,1975.0,W,Master's,Business,Business/Industry,
Sheehan,,1.0,1929.0,-9999.0,9999.0,,None/unknown,Business,Business/Industry,
Charles N. Shepardson,Charles N. Shepardson,1.0,1896.0,1955.0,1967.0,W,Master's,,Academic Economist,
William W. Sherrill,William W. Sherrill,1.0,1926.0,1967.0,1971.0,W,Master's,Business,Banking/Finance/Fed,
Harry A. Shuford,Harry A. Shuford,1.0,1913.0,1962.0,1966.0,W,JD,Law,Law/Legal,
John S. Sinclair,John S. Sinclair,1.0,1897.0,1936.0,1941.0,W,None/unknown,Law,Law/Legal,
Anthony M. Solomon,Anthony M. Solomon,1.0,1919.0,1980.0,1985.0,W,Master's,Economics,Government/Public Service,
Allan Sproul,Allan Sproul,1.0,1896.0,1941.0,1956.0,W,Bachelor's,Agriculture/Other,Military,
William Mcchesney Martin Sr.,William Mcchesney Martin Sr.,1.0,1874.0,1929.0,1941.0,W,None/unknown,Law,Law/Legal,
Jeremy C. Stein,Jeremy C. Stein,1.0,1960.0,2012.0,2014.0,W,PhD,Economics,Academic Economist,1.0
Gary H. Stern,Gary H. Stern,1.0,1944.0,1985.0,2009.0,W,PhD,Economics,Professional Economist,3.0
Stewart,,1.0,1945.0,-9999.0,9999.0,,None/unknown,Law,Banking/Finance/Fed,
Eliot J. Swan,Eliot J. Swan,1.0,1911.0,1961.0,1972.0,W,None/unknown,Economics,Academic Economist,
Richard F. Syron,Richard F. Syron,1.0,1943.0,1989.0,1994.0,W,PhD,Economics,Professional Economist,3.0
Syron,,1.0,1944.0,-9999.0,9999.0,,PhD,Economics,Banking/Finance/Fed,3.0
Tarullo,,1.0,1950.0,-9999.0,9999.0,,None/unknown,Law,Academic Economist,
Daniel K. Tarullo,Daniel K. Tarullo,1.0,1952.0,2009.0,2017.0,W,JD,Law,Academic Economist,
Nancy H. Teeters,Nancy H. Teeters,0.0,1930.0,1978.0,1984.0,W,Master's,Economics,Professional Economist,
Timlen,,1.0,1928.0,-9999.0,9999.0,,None/unknown,Law,Banking/Finance/Fed,
Paul A. Volcker,Paul A. Volcker,1.0,1927.0,1975.0,1979.0,W,Master's,Political Science/Public Policy,Professional Economist,
Paul A. Volcker,Paul A. Volcker,1.0,1927.0,1979.0,1987.0,W,Master's,Political Science/Public Policy,Professional Economist,
Christopher J. Waller,Christopher J. Waller,1.0,1959.0,2020.0,9999.0,W,PhD,Economics,Professional Economist,3.0
Waller,,1.0,,-9999.0,9999.0,,PhD,,,
Henry C. Wallich,Henry C. Wallich,1.0,1914.0,1974.0,1986.0,W,PhD,Economics,Academic Economist,1.0
Kevin M. Warsh,Kevin M. Warsh,1.0,1970.0,2006.0,2011.0,W,JD,Law,Banking/Finance/Fed,
Edward A. Wayne,Edward A. Wayne,1.0,1903.0,1961.0,1968.0,W,None/unknown,,Banking/Finance/Fed,
Laurence F. Whittemore,Laurence F. Whittemore,1.0,1894.0,1946.0,1948.0,W,None/unknown,,Business/Industry,
Mark H. Willes,Mark H. Willes,1.0,1941.0,1977.0,1980.0,W,PhD,Economics,Academic Economist,1.0
Alfred H. Williams,Alfred H. Williams,1.0,1893.0,1941.0,1958.0,W,PhD,Economics,Academic Economist,1.0
John C. Williams,John C. Williams,1.0,1962.0,2011.0,2018.0,W,PhD,Economics,Professional Economist,1.0
John C. Williams,John C. Williams,1.0,1962.0,2018.0,9999.0,W,PhD,Economics,Professional Economist,1.0
Willis J. Winn,Willis J. Winn,1.0,1917.0,1971.0,1982.0,W,PhD,Finance,Academic Economist,
Janet L. Yellen,Janet L. Yellen,0.0,1946.0,1994.0,1997.0,W,PhD,Economics,Academic Economist,1.0
Janet L. Yellen,Janet L. Yellen,0.0,1946.0,2004.0,2010.0,W,PhD,Economics,Academic Economist,1.0
Janet L. Yellen,Janet L. Yellen,0.0,1946.0,2010.0,2018.0,W,PhD,Economics,Academic Economist,1.0
Roy A. Young,Roy A. Young,1.0,1882.0,1930.0,1942.0,W,None/unknown,,Banking/Finance/Fed,
Clifford S. Young,Clifford S. Young,1.0,,1941.0,1956.0,W,None/unknown,,Banking/Finance/Fed,
